<?xml version="1.0" encoding="UTF-8" ?>
<PokerTH>
  <TableStyle>
     <StyleDescription value="Carbonish Style" />
     <StyleMaintainerName value="tfkos" />
     <StyleMaintainerEMail value="NULL" />
     <StyleCreateDate value="25.03.2023" />
     <PokerTHStyleFileVersion value="3" />
     <Preview value="preview.png" />
     <IfFixedWindowSize value="1" />
     <FixedWindowWidth value="1024" />
     <FixedWindowHeight value="600" />
     <MinimumWindowWidth value="1024" />
     <MinimumWindowHeight value="600" />
     <MaximumWindowWidth value="1980" />
     <MaximumWindowHeight value="1200" />
     <BigBlindPuck value="bigblindPuck.png" />
     <SmallBlindPuck value="smallblindPuck.png" />
     <DealerPuck value="dealerPuck.png" />
     <DefaultAvatar value="genereticAvatar-01.png" />
     <CardHolderFlop value="cardholder_flop.png" />
     <CardHolderTurn value="cardholder_turn.png" />
     <CardHolderRiver value="cardholder_river.png" />
     <FoldButtonDefault value="playeraction_all.png" />
     <FoldButtonHover value="playeraction_all_hover.png" />
     <FoldButtonChecked value="playeraction_checked.png" />
     <FoldButtonCheckedHover value="playeraction_checked.png" />
     <CheckCallButtonDefault value="playeraction_all.png" />
     <CheckCallButtonHover value="playeraction_all_hover.png" />
     <CheckCallButtonChecked value="playeraction_checked.png" />
     <CheckCallButtonCheckedHover value="playeraction_checked.png" />
     <BetRaiseButtonDefault value="playeraction_all.png" />
     <BetRaiseButtonHover value="playeraction_all_hover.png" />
     <BetRaiseButtonChecked value="playeraction_checked.png" />
     <BetRaiseButtonCheckedHover value="playeraction_checked.png" />
     <AllInButtonDefault value="playeraction_allin.png" />
     <AllInButtonHover value="playeraction_allin_hover.png" />
     <AllInButtonChecked value="playeraction_allin.png" />
     <AllInButtonCheckedHover value="playeraction_allin_hover.png" />
     <RadioButtonPressed value="radiobutton_pressed.png" />
     <RadioButtonChecked value="radiobutton_checked.png" />
     <RadioButtonCheckedHover value="radiobutton_checked_hover.png" />
     <RadioButtonUnchecked value="radiobutton_unchecked.png" />
     <RadioButtonUncheckedHover value="radiobutton_unchecked_hover.png" />  
     <PlayerTopSeatInactive value="NULL" />
     <PlayerTopSeatActive value="playerTopSeatActive.png" />
     <PlayerBottomSeatInactive value="NULL" />
     <PlayerBottomSeatActive value="playerBottomSeatActive.png" />
     <Table value="table.png" />
     <ToolBoxBackground value="toolboxbg.png" />
     <HandRanking value="handranking-01.png" />
     <ShowMyCardsButtonDefault value="playeraction_show.png" />
     <ShowMyCardsButtonHover value="playeraction_show_hover.png" />
     <ActionAllInI18NPic value="NULL" />
     <ActionRaiseI18NPic value="NULL" />
     <ActionBetI18NPic value="NULL" />
     <ActionCallI18NPic value="NULL" />
     <ActionCheckI18NPic value="NULL" />
     <ActionFoldI18NPic value="NULL" />
     <ActionWinnerI18NPic value="NULL" />
     <ActionAllInI18NString value="NULL" />
     <ActionRaiseI18NString value="NULL" />
     <ActionBetI18NString value="NULL" />
     <ActionCallI18NString value="NULL" />
     <ActionCheckI18NString value="NULL" />
     <ActionFoldI18NString value="NULL" />
     <PotI18NString value="NULL" />
     <TotalI18NString value="NULL" />
     <BetsI18NString value="NULL" />
     <GameI18NString value="NULL" />
     <HandI18NString value="NULL" />
     <PreflopI18NString value="NULL" />
     <FlopI18NString value="NULL" />
     <TurnI18NString value="NULL" />
     <RiverI18NString value="NULL" />
     <FKeyIndicatorColor value="353535" />
     <ChanceLabelPossibleColor value="353535" />
     <ChanceLabelImpossibleColor value="353535" />
     <ChatTextNickNotifyColor value="000080" />
     <ChatLogTextColor value="353535" />
     <ChatLogBgColor value="FFFFFF" />
     <ChatLogScrollBarBorderColor value="353535" />
     <ChatLogScrollBarBgColor value="FFFFFF" />
     <ChatLogScrollBarHandleBorderColor value="353535" />
     <ChatLogScrollBarHandleBgColor value="FFFFFF" />
     <ChatLogScrollBarArrowBorderColor value="353535" />
     <ChatLogScrollBarArrowBgColor value="FFFFFF" />
     <LogWinnerMainPotColor value="008000" />
     <LogWinnerSidePotColor value="FFFFCC" />
     <LogPlayerSitsOutColor value="FF6633" />
     <LogNewGameAdminColor value="69FF33" />
     <TabWidgetBorderColor value="353535" />
     <TabWidgetBgColor value="FFFFFF" />
     <TabWidgetTextColor value="353535" />
     <MenuBgColor value="999999" />
     <MenuTextColor value="FFFFFF" />
     <BreakLobbyButtonBgColor value="FFFFFF" />
     <BreakLobbyButtonTextColor value="353535" />
     <BreakLobbyButtonBgDisabledColor value="808080" />
     <BreakLobbyButtonTextDisabledColor value="FFFFFF" />
     <BreakLobbyButtonBgBlinkColor value="000000" />
     <BreakLobbyButtonTextBlinkColor value="FFFFFF" />
     <PlayerCashTextColor value="FFFFFF" />
     <PlayerBetTextColor value="FFFFFF" />
     <PlayerNickTextColor value="FFFFFF" />
     <BoardBigTextColor value="FFFFFF" />
     <BoardSmallTextColor value="FFFFFF" />
     <SpeedTextColor value="FFFFFF" />
     <VoteButtonBgColor value="FFFFFF" />
     <VoteButtonTextColor value="353535" />
     <BetInputTextColor value="000000" />
     <BetInputBgColor value="FFFFFF" />
     <BetInputDisabledTextColor value="A0A0A0" />
     <BetInputDisabledBgColor value="FFFFFF" />
     <FoldButtonTextColor value="353535" />
     <FoldButtonCheckableTextColor value="353535" />
     <CheckCallButtonTextColor value="353535" />
     <CheckCallButtonCheckableTextColor value="353535" />
     <BetRaiseButtonTextColor value="353535" />
     <BetRaiseButtonCheckableTextColor value="353535" />
     <AllInButtonTextColor value="f44336" />
     <AllInButtonCheckableTextColor value="353535" />
     <BetSpeedSliderGrooveBgColor value="FFFFFF" />
     <BetSpeedSliderGrooveBorderColor value="FFFFFF" />
     <BetSpeedSliderHandleBgColor value="FFFFFF" />
     <BetSpeedSliderHandleBorderColor value="353535" />
     <ShowMyCardsButtonTextColor value="353535" />
     <RatingStarsColor value="353535"/>
     <PlayerInfoHintTextColor value="FF0000"/>
     <ChatLogTextSize value="12" />
  </TableStyle>
</PokerTH>
