<?xml version="1.0" encoding="UTF-8" ?>
<PokerTH>
  <TableStyle>     
	
	 <StyleDescription value="Night Bright" />
     <StyleMaintainerName value="Divisor" />
     <StyleMaintainerEMail value="NULL" />
     <StyleCreateDate value="14.12.2017" />
     <PokerTHStyleFileVersion value="3" />
     <Preview value="table_preview.png" />

	 <IfFixedWindowSize value="0" />
     <FixedWindowWidth value="1024" />
     <FixedWindowHeight value="600" />
     <MinimumWindowWidth value="1024" />
     <MinimumWindowHeight value="600" />
     <MaximumWindowWidth value="1980" />
     <MaximumWindowHeight value="1200" />

	 <Table value="table.png" />
     <DefaultAvatar value="avatar_generic.png" />
	 
	 <ToolBoxBackground value="toolboxbg.png" />
	 <HandRanking value="handranking.png" />
	 	 
     <BigBlindPuck value="puck_bigblind.png" />
     <SmallBlindPuck value="puck_smallblind.png" />
     <DealerPuck value="puck_dealer.png" />

	 <CardHolderFlop value="cardholder_flop.png" />
     <CardHolderTurn value="cardholder_turn.png" />
     <CardHolderRiver value="cardholder_river.png" />

	 <FoldButtonDefault value="playeraction_red.png" />
     <FoldButtonHover value="playeraction_red_hover.png" />
     <FoldButtonChecked value="playeraction_red_checked.png" />
     <FoldButtonCheckedHover value="playeraction_red_checked_hover.png" />     
	 <CheckCallButtonDefault value="playeraction_blue.png" />
     <CheckCallButtonHover value="playeraction_blue_hover.png" />
     <CheckCallButtonChecked value="playeraction_blue_checked.png" />
     <CheckCallButtonCheckedHover value="playeraction_blue_checked_hover.png" />    
	 <BetRaiseButtonDefault value="playeraction_green.png" />
     <BetRaiseButtonHover value="playeraction_green_hover.png" />
     <BetRaiseButtonChecked value="playeraction_green_checked.png" />
     <BetRaiseButtonCheckedHover value="playeraction_green_checked_hover.png" />    
	 <AllInButtonDefault value="playeraction_orange.png" />
     <AllInButtonHover value="playeraction_orange_hover.png" />
     <AllInButtonChecked value="playeraction_orange_checked.png" />
     <AllInButtonCheckedHover value="playeraction_orange_checked_hover.png" />

	 <RadioButtonPressed value="radiobutton_pressed.png" />
     <RadioButtonChecked value="radiobutton_checked.png" />
     <RadioButtonCheckedHover value="radiobutton_checked_hover.png" />
     <RadioButtonUnchecked value="radiobutton_unchecked.png" />
     <RadioButtonUncheckedHover value="radiobutton_unchecked_hover.png" />

	 <PlayerTopSeatInactive value="seat_top_inactive.png" />
     <PlayerTopSeatActive value="seat_top_active.png" />
     <PlayerBottomSeatInactive value="seat_bottom_inactive.png" />
     <PlayerBottomSeatActive value="seat_bottom_active.png" />

	 <ShowMyCardsButtonDefault value="playeraction_purple.png" />
     <ShowMyCardsButtonHover value="playeraction_purple_hover.png" />

     <ActionAllInI18NPic value="action_allin.png" />
     <ActionRaiseI18NPic value="action_raise.png" />
     <ActionBetI18NPic value="action_bet.png" />
     <ActionCallI18NPic value="action_call.png" />
     <ActionCheckI18NPic value="action_check.png" />
     <ActionFoldI18NPic value="action_fold.png" />
     <ActionWinnerI18NPic value="action_winner.png" />

     <ActionAllInI18NString value="NULL" />
     <ActionRaiseI18NString value="NULL" />
     <ActionBetI18NString value="NULL" />
     <ActionCallI18NString value="NULL" />
     <ActionCheckI18NString value="NULL" />
     <ActionFoldI18NString value="NULL" />    
	 <PotI18NString value="NULL" />
     <TotalI18NString value="NULL" />
     <BetsI18NString value="NULL" />
     <GameI18NString value="NULL" />
     <HandI18NString value="NULL" />
     <PreflopI18NString value="NULL" />
     <FlopI18NString value="NULL" />
     <TurnI18NString value="NULL" />
     <RiverI18NString value="NULL" />

     <FKeyIndicatorColor value="NULL" />
     <ChanceLabelPossibleColor value="FFFFFF" />
     <ChanceLabelImpossibleColor value="777777" />

	 <ChatLogTextSize value="12" />
	 <ChatLogTextColor value="F0F0F0" />
     <ChatLogBgColor value="000000" />    
     <ChatTextNickNotifyColor value="FFFF00" />
	 
	 <ChatLogScrollBarBorderColor value="000000" />
     <ChatLogScrollBarBgColor value="000000" />
     <ChatLogScrollBarHandleBorderColor value="62889F" />
     <ChatLogScrollBarHandleBgColor value="151515" />
     <ChatLogScrollBarArrowBorderColor value="NULL" />
     <ChatLogScrollBarArrowBgColor value="NULL" />

	 <LogWinnerMainPotColor value="FFFF00" />
     <LogWinnerSidePotColor value="FFFFCC" />
     <LogPlayerSitsOutColor value="FF6633" />
     <LogNewGameAdminColor value="69FF33" />

     <TabWidgetBorderColor value="62889F" />
     <TabWidgetBgColor value="000000" />     
	 <TabWidgetTextColor value="34ADFF" />    

	 <MenuBgColor value="000000" />
     <MenuTextColor value="4561FA" />

	 <BreakLobbyButtonBgColor value="CF000C" />
     <BreakLobbyButtonTextColor value="FFFFFF" />    
	 <BreakLobbyButtonBgDisabledColor value="680006" />
     <BreakLobbyButtonTextDisabledColor value="FFFFFF" />    
	 <BreakLobbyButtonBgBlinkColor value="070707" />
     <BreakLobbyButtonTextBlinkColor value="FFFFFF" />

	 <PlayerCashTextColor value="FFFF00" />
     <PlayerBetTextColor value="FFFF00" />
     <PlayerNickTextColor value="2DFF63" />

	 <BoardBigTextColor value="37FF55" />
     <BoardSmallTextColor value="FF9853" />

	 <SpeedTextColor value="FFFF00" />

	 <VoteButtonBgColor value="1C7000" />
     <VoteButtonTextColor value="99D500" />

	 <BetInputTextColor value="FFFF00" />
     <BetInputBgColor value="000000" />
     <BetInputDisabledTextColor value="868600" />
     <BetInputDisabledBgColor value="242424" />

     <FoldButtonTextColor value="E1E1E1" />
     <FoldButtonCheckableTextColor value="E1E1E1" />
     <CheckCallButtonTextColor value="E1E1E1" />
     <CheckCallButtonCheckableTextColor value="E1E1E1" />     
	 <BetRaiseButtonTextColor value="E1E1E1" />
     <BetRaiseButtonCheckableTextColor value="E1E1E1" />     
	 <AllInButtonTextColor value="E1E1E1" />
     <AllInButtonCheckableTextColor value="E1E1E1" />
     <ShowMyCardsButtonTextColor value="E1E1E1" />
	 
	 <BetSpeedSliderGrooveBgColor value="000000" />
     <BetSpeedSliderGrooveBorderColor value="FFFF00" />
     <BetSpeedSliderHandleBgColor value="000000" />
     <BetSpeedSliderHandleBorderColor value="FFFF00" />

     <RatingStarsColor value="FFD700" />
     <PlayerInfoHintTextColor value="FFFF00" />
  
  </TableStyle>
</PokerTH>
