<?xml version="1.0" encoding="UTF-8" ?>
<PokerTH>
  <TableStyle>
     <StyleDescription value="TripSixes table Ver. 1.0" />
     <StyleMaintainerName value="TripSixes" />
     <StyleMaintainerEMail value="trip@tripsixes.com" />
     <StyleCreateDate value="02.05.2013" />
     <PokerTHStyleFileVersion value="3" />
     <Preview value="preview.png" />
     
     
     <IfFixedWindowSize value="1" />
     <FixedWindowWidth value="1024" />
     <FixedWindowHeight value="600" />
     <MinimumWindowWidth value="1024" />
     <MinimumWindowHeight value="600" />
     <MaximumWindowWidth value="1980" />
     <MaximumWindowHeight value="1200" />
     
     
     <BigBlindPuck value="bigblindPuck.png" />
     <SmallBlindPuck value="smallblindPuck.png" />
     <DealerPuck value="dealerPuck.png" />
     <DefaultAvatar value="genereticAvatar.png" />
     <CardHolderFlop value="cardholder_flop.png" />
     <CardHolderTurn value="cardholder_turn.png" />
     <CardHolderRiver value="cardholder_river.png" />
     <FoldButtonDefault value="playeraction_red.png" />
     <FoldButtonHover value="playeraction_red_hover.png" />
     <FoldButtonChecked value="playeraction_red_checked.png" />
     <FoldButtonCheckedHover value="playeraction_red_checked_hover.png" />
     <CheckCallButtonDefault value="playeraction_blue.png" />
     <CheckCallButtonHover value="playeraction_blue_hover.png" />
     <CheckCallButtonChecked value="playeraction_blue_checked.png" />
     <CheckCallButtonCheckedHover value="playeraction_blue_checked_hover.png" />
     <BetRaiseButtonDefault value="playeraction_green.png" />
     <BetRaiseButtonHover value="playeraction_green_hover.png" />
     <BetRaiseButtonChecked value="playeraction_green_checked.png" />
     <BetRaiseButtonCheckedHover value="playeraction_green_checked_hover.png" />
     <AllInButtonDefault value="playeraction_orange.png" />
     <AllInButtonHover value="playeraction_orange_hover.png" />
     <AllInButtonChecked value="playeraction_orange_checked.png" />
     <AllInButtonCheckedHover value="playeraction_orange_checked_hover.png" />
     <RadioButtonPressed value="radiobutton_pressed.png" />
     <RadioButtonChecked value="radiobutton_checked.png" />
     <RadioButtonCheckedHover value="radiobutton_checked_hover.png" />
     <RadioButtonUnchecked value="radiobutton_unchecked.png" />
     <RadioButtonUncheckedHover value="radiobutton_unchecked_hover.png" />
     <PlayerTopSeatInactive value="playerTopSeatInactive.png" />
     <PlayerTopSeatActive value="playerTopSeatActive.png" />
     <PlayerBottomSeatInactive value="playerBottomSeatInactive.png" />
     <PlayerBottomSeatActive value="playerBottomSeatActive.png" />
	 <Table value="table.png" />
     <ToolBoxBackground value="toolboxbg.png" />
     <HandRanking value="handranking.png" />
     <ShowMyCardsButtonDefault value="playeraction_purple.png" />
     <ShowMyCardsButtonHover value="playeraction_purple_hover.png" />
     
     
     <ActionAllInI18NPic value="NULL" />
     <ActionRaiseI18NPic value="NULL" />
     <ActionBetI18NPic value="NULL" />
     <ActionCallI18NPic value="NULL" />
     <ActionCheckI18NPic value="NULL" />
     <ActionFoldI18NPic value="NULL" />
     <ActionWinnerI18NPic value="NULL" />
     
     
     <ActionAllInI18NString value="NULL" />
     <ActionRaiseI18NString value="NULL" />
     <ActionBetI18NString value="NULL" />
     <ActionCallI18NString value="NULL" />
     <ActionCheckI18NString value="NULL" />
     <ActionFoldI18NString value="NULL" />
     <PotI18NString value="NULL" />
     <TotalI18NString value="NULL" />
     <BetsI18NString value="NULL" />
     <GameI18NString value="NULL" />
     <HandI18NString value="NULL" />
     <PreflopI18NString value="NULL" />
     <FlopI18NString value="NULL" />
     <TurnI18NString value="NULL" />
     <RiverI18NString value="NULL" />
     
     
     <FKeyIndicatorColor value="FFFFFF" />
     <ChanceLabelPossibleColor value="9CD500" />
     <ChanceLabelImpossibleColor value="55632F" />
     <ChatTextNickNotifyColor value="FFFF00" />
     <ChatLogTextColor value="F0F0F0" />
     <ChatLogBgColor value="001E28" />
     <ChatLogScrollBarBorderColor value="005F7D" />
     <ChatLogScrollBarBgColor value="001E28" />
     <ChatLogScrollBarHandleBorderColor value="00BEE6" />
     <ChatLogScrollBarHandleBgColor value="004B7D" />
     <ChatLogScrollBarArrowBorderColor value="002846" />
     <ChatLogScrollBarArrowBgColor value="00BEE6" />
     <LogWinnerMainPotColor value="FFFF00" />
     <LogWinnerSidePotColor value="FFFFCC" />
     <LogPlayerSitsOutColor value="FF6633" />
     <LogNewGameAdminColor value="69FF33" />
     <TabWidgetBorderColor value="005F7D" />
     <TabWidgetBgColor value="001E28" />
     <TabWidgetTextColor value="00BEE6" />
     <MenuBgColor value="001E28" />
     <MenuTextColor value="00BEE6" />
     <BreakLobbyButtonBgColor value="004B7D" />
     <BreakLobbyButtonTextColor value="00BEE6" />
     <BreakLobbyButtonBgDisabledColor value="004B7D" />
     <BreakLobbyButtonTextDisabledColor value="FF0000" />
     <BreakLobbyButtonBgBlinkColor value="00BEE6" />
     <BreakLobbyButtonTextBlinkColor value="000000" />
     <PlayerCashTextColor value="00FF00" />
     <PlayerBetTextColor value="FFFF00" />
     <PlayerNickTextColor value="F0F0F0" />
     <BoardBigTextColor value="4D825B" />
     <BoardSmallTextColor value="4D825B" />
     <SpeedTextColor value="00BEE6" />
     <VoteButtonBgColor value="1C7000" />
     <VoteButtonTextColor value="00BEE6" />
     <BetInputTextColor value="F0F0F0" />
     <BetInputBgColor value="004B7D" />
     <BetInputDisabledTextColor value="6D7B5F" />
     <BetInputDisabledBgColor value="001E28" />
     <FoldButtonTextColor value="F0F0F0" />
     <FoldButtonCheckableTextColor value="FF8787" />
     <CheckCallButtonTextColor value="F0F0F0" />
     <CheckCallButtonCheckableTextColor value="87CDFF" />
     <BetRaiseButtonTextColor value="F0F0F0" />
     <BetRaiseButtonCheckableTextColor value="87FF97" />
     <AllInButtonTextColor value="F0F0F0" />
     <AllInButtonCheckableTextColor value="FFE187" />
     <BetSpeedSliderGrooveBgColor value="001E28" />
     <BetSpeedSliderGrooveBorderColor value="005F7D" />
     <BetSpeedSliderHandleBgColor value="004B7D" />
     <BetSpeedSliderHandleBorderColor value="00BEE6" />
     <ShowMyCardsButtonTextColor value="F0F0F0" />
     <RatingStarsColor value="FFD700" />
     <PlayerInfoHintTextColor value="FFFF00" />

     
     <ChatLogTextSize value="11" />
  </TableStyle>
</PokerTH>
