<?xml version="1.0" encoding="UTF-8" ?>
<PokerTH>
  <TableStyle>
     <StyleDescription value="Nick K. Red" />
     <StyleMaintainerName value="Nick K." />
     <StyleMaintainerEMail value="nikkrit@yahoo.com" />
     <StyleCreateDate value="10.10.2019" />
     <PokerTHStyleFileVersion value="3" />
     <Preview value="preview.png" />
     <IfFixedWindowSize value="1" />
     <FixedWindowWidth value="1024" />
     <FixedWindowHeight value="600" />
     <MinimumWindowWidth value="1024" />
     <MinimumWindowHeight value="600" />
     <MaximumWindowWidth value="1980" />
     <MaximumWindowHeight value="1200" />
     <BigBlindPuck value="bigblindPuck.png" />
     <SmallBlindPuck value="smallblindPuck.png" />
     <DealerPuck value="dealerPuck.png" />
     <DefaultAvatar value="genereticAvatar.png" />
     <CardHolderFlop value="cardholder_flop.png" />
     <CardHolderTurn value="cardholder_turn.png" />
     <CardHolderRiver value="cardholder_river.png" />
     <FoldButtonDefault value="playeraction_red.png" />
     <FoldButtonHover value="playeraction_red_hover.png" />
     <FoldButtonChecked value="playeraction_red_checked.png" />
     <FoldButtonCheckedHover value="playeraction_red_checked_hover.png" />
     <CheckCallButtonDefault value="playeraction_blue.png" />
     <CheckCallButtonHover value="playeraction_blue_hover.png" />
     <CheckCallButtonChecked value="playeraction_blue_checked.png" />
     <CheckCallButtonCheckedHover value="playeraction_blue_checked_hover.png" />
     <BetRaiseButtonDefault value="playeraction_green.png" />
     <BetRaiseButtonHover value="playeraction_green_hover.png" />
     <BetRaiseButtonChecked value="playeraction_green_checked.png" />
     <BetRaiseButtonCheckedHover value="playeraction_green_checked_hover.png" />
     <AllInButtonDefault value="playeraction_orange.png" />
     <AllInButtonHover value="playeraction_orange_hover.png" />
     <AllInButtonChecked value="playeraction_orange_checked.png" />
     <AllInButtonCheckedHover value="playeraction_orange_checked_hover.png" />
     <RadioButtonPressed value="radiobutton_pressed.png" />
     <RadioButtonChecked value="radiobutton_checked.png" />
     <RadioButtonCheckedHover value="radiobutton_checked_hover.png" />
     <RadioButtonUnchecked value="radiobutton_unchecked.png" />
     <RadioButtonUncheckedHover value="radiobutton_unchecked_hover.png" />  
     <PlayerTopSeatInactive value="NULL" />
     <PlayerTopSeatActive value="playerTopSeatActive.png" />
     <PlayerBottomSeatInactive value="NULL" />
     <PlayerBottomSeatActive value="playerBottomSeatActive.png" />
     <Table value="table.png" />
     <ToolBoxBackground value="toolboxbg.png" />
     <HandRanking value="handranking.png" />
     <ShowMyCardsButtonDefault value="playeraction_purple.png" />
     <ShowMyCardsButtonHover value="playeraction_purple_hover.png" />
     <ActionAllInI18NPic value="NULL" />
     <ActionRaiseI18NPic value="NULL" />
     <ActionBetI18NPic value="NULL" />
     <ActionCallI18NPic value="NULL" />
     <ActionCheckI18NPic value="NULL" />
     <ActionFoldI18NPic value="NULL" />
     <ActionWinnerI18NPic value="NULL" />
     <ActionAllInI18NString value="NULL" />
     <ActionRaiseI18NString value="NULL" />
     <ActionBetI18NString value="NULL" />
     <ActionCallI18NString value="NULL" />
     <ActionCheckI18NString value="NULL" />
     <ActionFoldI18NString value="NULL" />
     <PotI18NString value="NULL" />
     <TotalI18NString value="NULL" />
     <BetsI18NString value="NULL" />
     <GameI18NString value="NULL" />
     <HandI18NString value="NULL" />
     <PreflopI18NString value="NULL" />
     <FlopI18NString value="NULL" />
     <TurnI18NString value="NULL" />
     <RiverI18NString value="NULL" />
     <FKeyIndicatorColor value="FFFFFF" />
     <ChanceLabelPossibleColor value="FFFFFF" />
     <ChanceLabelImpossibleColor value="fc2626" />
     <ChatTextNickNotifyColor value="FFFF00" />
     <ChatLogTextColor value="F0F0F0" />
     <ChatLogBgColor value="2B0001" />
     <ChatLogScrollBarBorderColor value="2B0001" />
     <ChatLogScrollBarBgColor value="400600" />
     <ChatLogScrollBarHandleBorderColor value="e1e1e1" />
     <ChatLogScrollBarHandleBgColor value="800D00" />
     <ChatLogScrollBarArrowBorderColor value="001A9F" />
     <ChatLogScrollBarArrowBgColor value="e2e2e2" />
     <LogWinnerMainPotColor value="FFFF00" />
     <LogWinnerSidePotColor value="FFFFCC" />
     <LogPlayerSitsOutColor value="FF6633" />
     <LogNewGameAdminColor value="69FF33" />
     <TabWidgetBorderColor value="960F00" />
     <TabWidgetBgColor value="2B0001" />
     <TabWidgetTextColor value="FFFFFF" />
     <MenuBgColor value="2B0001" />
     <MenuTextColor value="FFFFFF" />
     <BreakLobbyButtonBgColor value="800D00" />
     <BreakLobbyButtonTextColor value="FFFFFF" />
     <BreakLobbyButtonBgDisabledColor value="4B0001" />
     <BreakLobbyButtonTextDisabledColor value="808080" />
     <BreakLobbyButtonBgBlinkColor value="FFFFFF" />
     <BreakLobbyButtonTextBlinkColor value="000000" />
     <PlayerCashTextColor value="FFFF00" />
     <PlayerBetTextColor value="FFFF00" />
     <PlayerNickTextColor value="F0F0F0" />
     <BoardBigTextColor value="c0c0c0" />
     <BoardSmallTextColor value="c0c0c0" />
     <SpeedTextColor value="FFFFFF" />
     <VoteButtonBgColor value="001580" />
     <VoteButtonTextColor value="FFFFFF" />
     <BetInputTextColor value="F0F0F0" />
     <BetInputBgColor value="2B0001" />
     <BetInputDisabledTextColor value="60627B" />
     <BetInputDisabledBgColor value="2B0001" />
     <FoldButtonTextColor value="F0F0F0" />
     <FoldButtonCheckableTextColor value="FF8787" />
     <CheckCallButtonTextColor value="F0F0F0" />
     <CheckCallButtonCheckableTextColor value="87CDFF" />
     <BetRaiseButtonTextColor value="F0F0F0" />
     <BetRaiseButtonCheckableTextColor value="87FF97" />
     <AllInButtonTextColor value="F0F0F0" />
     <AllInButtonCheckableTextColor value="FFE187" />
     <BetSpeedSliderGrooveBgColor value="2B0001" />
     <BetSpeedSliderGrooveBorderColor value="C80001" />
     <BetSpeedSliderHandleBgColor value="FFFFFF" />
     <BetSpeedSliderHandleBorderColor value="00177D" />
     <ShowMyCardsButtonTextColor value="F0F0F0" />
     <RatingStarsColor value="FFD700" />
     <PlayerInfoHintTextColor value="FFFF00" />
     <ChatLogTextSize value="11" />
  </TableStyle>
</PokerTH>
