<?xml version="1.0" encoding="UTF-8" ?>
<PokerTH>
  <TableStyle>
     <StyleDescription value="danuxi table design - German" />  <!-- This string will be shown in settings/game table style list -->
     <StyleMaintainerName value="Daniel Hammer - Felix Hammer" />
     <StyleMaintainerEMail value="webmaster@pokerth.net" /> <!-- This string will be shown in error message if there is a problem with the style -->
     <StyleCreateDate value="11.04.2009" />
     <PokerTHStyleFileVersion value="1" />
     <Preview value="preview.png" />
     <IfFixedWindowSize value="1" /> <!-- value [1,0] 1 = fixed window size, 0 = resizeable window -->
     <FixedWindowWidth value="1024" />
     <FixedWindowHeight value="600" />
     <MinimumWindowWidth value="1024" />
     <MinimumWindowHeight value="600" />
     <MaximumWindowWidth value="1980" />
     <MaximumWindowHeight value="1200" />
     <BigBlindPuck value="bigblindPuck.png" />
     <SmallBlindPuck value="smallblindPuck.png" />
     <DealerPuck value="dealerPuck.png" />
     <DefaultAvatar value="genereticAvatar.png" />
     <CardHolderFlop value="cardholder_flop.png" />
     <CardHolderTurn value="cardholder_turn.png" />
     <CardHolderRiver value="cardholder_river.png" />
     <FoldButtonDefault value="playeraction_red.png" />
     <FoldButtonHover value="playeraction_red_hover.png" />
     <FoldButtonChecked value="playeraction_red_checked.png" />
     <FoldButtonCheckedHover value="playeraction_red_checked_hover.png" />
     <CheckCallButtonDefault value="playeraction_blue.png" />
     <CheckCallButtonHover value="playeraction_blue_hover.png" />
     <CheckCallButtonChecked value="playeraction_blue_checked.png" />
     <CheckCallButtonCheckedHover value="playeraction_blue_checked_hover.png" />
     <BetRaiseButtonDefault value="playeraction_green.png" />
     <BetRaiseButtonHover value="playeraction_green_hover.png" />
     <BetRaiseButtonChecked value="playeraction_green_checked.png" />
     <BetRaiseButtonCheckedHover value="playeraction_green_checked_hover.png" />
     <AllInButtonDefault value="playeraction_orange.png" />
     <AllInButtonHover value="playeraction_orange_hover.png" />
     <AllInButtonChecked value="playeraction_orange_checked.png" />
     <AllInButtonCheckedHover value="playeraction_orange_checked_hover.png" />
     <RadioButtonPressed value="radiobutton_pressed.png" />
     <RadioButtonChecked value="radiobutton_checked.png" />
     <RadioButtonCheckedHover value="radiobutton_checked_hover.png" />
     <RadioButtonUnchecked value="radiobutton_unchecked.png" />
     <RadioButtonUncheckedHover value="radiobutton_unchecked_hover.png" />  
     <PlayerTopSeatInactive value="NULL" />
     <PlayerTopSeatActive value="playerTopSeatActive.png" />
     <PlayerBottomSeatInactive value="NULL" />
     <PlayerBottomSeatActive value="playerBottomSeatActive.png" />
     <Table value="table.png" />
     <ToolBoxBackground value="toolboxbg.png" />
     <HandRanking value="handranking.png" />
     
     <!-- Action*I18NPic: If you wanna set action pics with specific language strings you can set them here. If you wanna use the default english strings just write "NULL" instead of picture files names. PokerTH will automatically display the english ones. -->
     <ActionAllInI18NPic value="de_all-in.png" /> <!-- optimal size width:height in px [100:40] -->
     <ActionRaiseI18NPic value="de_raise.png" /> <!-- optimal size width:height in px [100:40] -->
     <ActionBetI18NPic value="de_bet.png" /> <!-- optimal size width:height in px [100:40] -->
     <ActionCallI18NPic value="de_call.png" /> <!-- optimal size width:height in px [100:40] -->
     <ActionCheckI18NPic value="de_check.png" /> <!-- optimal size width:height in px [100:40] -->
     <ActionFoldI18NPic value="de_fold.png" /> <!-- optimal size width:height in px [100:40] -->
     <ActionWinnerI18NPic value="de_winner.png" /> <!-- optimal size width:height in px [100:40] -->
     
     <!-- I18NString: If you wanna set specific language strings for poker actions like call, check, raise etc. which will be shown on human players buttons for this style, and some other game strings you can define them here, If you wanna use the default english strings just write value="NULL". PokerTH will automatically display the english ones. -->
     <ActionAllInI18NString value="Alles" />
     <ActionRaiseI18NString value="Erhöhen" />
     <ActionBetI18NString value="Setzen" />
     <ActionCallI18NString value="Mitgehen" />
     <ActionCheckI18NString value="Schieben" />
     <ActionFoldI18NString value="Passen" />
     <PotI18NString value="Bank" />
     <TotalI18NString value="Gesamt" />
     <BetsI18NString value="Einsätze" />
     <GameI18NString value="Spiel" />
     <HandI18NString value="Hand" />
     <PreflopI18NString value="Preflop" />
     <FlopI18NString value="Flop" />
     <TurnI18NString value="Turn" />
     <RiverI18NString value="River" />
     
     <FKeyIndicatorColor value="FFFFFF" />
     <ChanceLabelPossibleColor value="A1B4FF" />
     <ChanceLabelImpossibleColor value="252C50" />
     <ChatTextNickNotifyColor value="FFFF00" />
     <ChatLogTextColor value="F0F0F0" />
     <ChatLogBgColor value="00072B" />
     <ChatLogScrollBarBorderColor value="00072B" />
     <ChatLogScrollBarBgColor value="000B44" />
     <ChatLogScrollBarHandleBorderColor value="001166" />
     <ChatLogScrollBarHandleBgColor value="001478" />
     <ChatLogScrollBarArrowBorderColor value="001A9F" />
     <ChatLogScrollBarArrowBgColor value="001EB5" />
     <LogWinnerMainPotColor value="FFFF00" />
     <LogWinnerSidePotColor value="FFFFCC" />
     <LogPlayerSitsOutColor value="FF6633" />
     <LogNewGameAdminColor value="69FF33" />
     <TabWidgetBorderColor value="00177D" />
     <TabWidgetBgColor value="00072B" />
     <TabWidgetTextColor value="A1B4FF" />
     <MenuBgColor value="00072B" />
     <MenuTextColor value="A1B4FF" />
     <BreakLobbyButtonBgColor value="001478" />
     <BreakLobbyButtonTextColor value="A1B4FF" />
     <BreakLobbyButtonBgDisabledColor value="001374" />
     <BreakLobbyButtonTextDisabledColor value="252C50" />
     <BreakLobbyButtonBgBlinkColor value="A1B4FF" />
     <BreakLobbyButtonTextBlinkColor value="000000" />
     <PlayerCashTextColor value="FFFF00" />
     <PlayerBetTextColor value="FFFF00" />
     <PlayerNickTextColor value="F0F0F0" />
     <BoardBigTextColor value="000C44" />
     <BoardSmallTextColor value="000C44" />
     <SpeedTextColor value="A1B4FF" />
     <VoteButtonBgColor value="001580" />
     <VoteButtonTextColor value="A1B4FF" />
     <BetInputTextColor value="F0F0F0" />
     <BetInputBgColor value="00072B" />
     <BetInputDisabledTextColor value="60627B" />
     <BetInputDisabledBgColor value="00072B" />
     <FoldButtonTextColor value="F0F0F0" />
     <FoldButtonCheckableTextColor value="FF8787" />
     <CheckCallButtonTextColor value="F0F0F0" />
     <CheckCallButtonCheckableTextColor value="87CDFF" />
     <BetRaiseButtonTextColor value="F0F0F0" />
     <BetRaiseButtonCheckableTextColor value="87FF97" />
     <AllInButtonTextColor value="F0F0F0" />
     <AllInButtonCheckableTextColor value="FFE187" />
     <BetSpeedSliderGrooveBgColor value="00072B" />
     <BetSpeedSliderGrooveBorderColor value="142568" />
     <BetSpeedSliderHandleBgColor value="A1B4FF" />
     <BetSpeedSliderHandleBorderColor value="00177D" />
     <ChatLogTextSize value="11" />
  </TableStyle>
</PokerTH>